node name,host,bulkQueue,searchQueue,refreshQueue
1550558423369
LzANgAexRPKviDQRD_jN0w,10.3.3.23,0,0,0
K8winMXVSp2bv05F7B6LMA,10.3.3.14,0,0,0
lfXsMg79TCalZ6YpjnhDdA,10.3.3.12,0,0,0
VgF6_fgLSjm1H3YBoC9jKA,10.3.3.26,0,0,0
-5u-nfMfRe-erfb4J5LRPA,10.3.3.24,0,0,0
null1550558423372
LzANgAexRPKviDQRD_jN0w,10.3.3.23,0,0,0
K8winMXVSp2bv05F7B6LMA,10.3.3.14,0,0,0
lfXsMg79TCalZ6YpjnhDdA,10.3.3.12,0,0,0
VgF6_fgLSjm1H3YBoC9jKA,10.3.3.26,0,0,0
-5u-nfMfRe-erfb4J5LRPA,10.3.3.24,0,0,0
null1550558423373
LzANgAexRPKviDQRD_jN0w,10.3.3.23,0,0,0
K8winMXVSp2bv05F7B6LMA,10.3.3.14,0,0,0
lfXsMg79TCalZ6YpjnhDdA,10.3.3.12,0,0,0
VgF6_fgLSjm1H3YBoC9jKA,10.3.3.26,0,0,0
-5u-nfMfRe-erfb4J5LRPA,10.3.3.24,0,0,0
null1550558423374
LzANgAexRPKviDQRD_jN0w,10.3.3.23,0,0,0
K8winMXVSp2bv05F7B6LMA,10.3.3.14,0,0,0
lfXsMg79TCalZ6YpjnhDdA,10.3.3.12,0,0,0
VgF6_fgLSjm1H3YBoC9jKA,10.3.3.26,0,0,0
-5u-nfMfRe-erfb4J5LRPA,10.3.3.24,0,0,0
null1550558423374
LzANgAexRPKviDQRD_jN0w,10.3.3.23,0,0,0
K8winMXVSp2bv05F7B6LMA,10.3.3.14,0,0,0
lfXsMg79TCalZ6YpjnhDdA,10.3.3.12,0,0,0
VgF6_fgLSjm1H3YBoC9jKA,10.3.3.26,0,0,0
-5u-nfMfRe-erfb4J5LRPA,10.3.3.24,0,0,0
null1550558423375
LzANgAexRPKviDQRD_jN0w,10.3.3.23,0,0,0
K8winMXVSp2bv05F7B6LMA,10.3.3.14,0,0,0
lfXsMg79TCalZ6YpjnhDdA,10.3.3.12,0,0,0
VgF6_fgLSjm1H3YBoC9jKA,10.3.3.26,0,0,0
-5u-nfMfRe-erfb4J5LRPA,10.3.3.24,0,0,0
null1550558423375
LzANgAexRPKviDQRD_jN0w,10.3.3.23,0,0,0
K8winMXVSp2bv05F7B6LMA,10.3.3.14,0,0,0
lfXsMg79TCalZ6YpjnhDdA,10.3.3.12,0,0,0
VgF6_fgLSjm1H3YBoC9jKA,10.3.3.26,0,0,0
-5u-nfMfRe-erfb4J5LRPA,10.3.3.24,0,0,0
null1550558423376
LzANgAexRPKviDQRD_jN0w,10.3.3.23,0,0,0
K8winMXVSp2bv05F7B6LMA,10.3.3.14,0,0,0
lfXsMg79TCalZ6YpjnhDdA,10.3.3.12,0,0,0
VgF6_fgLSjm1H3YBoC9jKA,10.3.3.26,0,0,0
-5u-nfMfRe-erfb4J5LRPA,10.3.3.24,0,0,0
null1550558423376
LzANgAexRPKviDQRD_jN0w,10.3.3.23,0,0,0
K8winMXVSp2bv05F7B6LMA,10.3.3.14,0,0,0
lfXsMg79TCalZ6YpjnhDdA,10.3.3.12,0,0,0
VgF6_fgLSjm1H3YBoC9jKA,10.3.3.26,0,0,0
-5u-nfMfRe-erfb4J5LRPA,10.3.3.24,0,0,0
null1550558423376
LzANgAexRPKviDQRD_jN0w,10.3.3.23,0,0,0
K8winMXVSp2bv05F7B6LMA,10.3.3.14,0,0,0
lfXsMg79TCalZ6YpjnhDdA,10.3.3.12,0,0,0
VgF6_fgLSjm1H3YBoC9jKA,10.3.3.26,0,0,0
-5u-nfMfRe-erfb4J5LRPA,10.3.3.24,0,0,0
null1550558423377
LzANgAexRPKviDQRD_jN0w,10.3.3.23,0,0,0
K8winMXVSp2bv05F7B6LMA,10.3.3.14,0,0,0
lfXsMg79TCalZ6YpjnhDdA,10.3.3.12,0,0,0
VgF6_fgLSjm1H3YBoC9jKA,10.3.3.26,0,0,0
-5u-nfMfRe-erfb4J5LRPA,10.3.3.24,0,0,0
null1550558423377
LzANgAexRPKviDQRD_jN0w,10.3.3.23,0,0,0
K8winMXVSp2bv05F7B6LMA,10.3.3.14,0,0,0
lfXsMg79TCalZ6YpjnhDdA,10.3.3.12,0,0,0
VgF6_fgLSjm1H3YBoC9jKA,10.3.3.26,0,0,0
-5u-nfMfRe-erfb4J5LRPA,10.3.3.24,0,0,0
